audio_path,label
./audio_dataset_cortado/4_1016590.wav,4
./audio_dataset_cortado/0_26071.wav,0
./audio_dataset_cortado/4_493099.wav,4
./audio_dataset_cortado/1_90105.wav,1
./audio_dataset_cortado/0_694154.wav,0
./audio_dataset_cortado/0_20895.wav,0
./audio_dataset_cortado/2_419292.wav,2
./audio_dataset_cortado/4_840091.wav,4
./audio_dataset_cortado/4_469216.wav,4
./audio_dataset_cortado/1_762079.wav,1
./audio_dataset_cortado/4_1020098.wav,4
./audio_dataset_cortado/0_511338.wav,0
./audio_dataset_cortado/4_315044.wav,4
./audio_dataset_cortado/4_167175.wav,4
./audio_dataset_cortado/4_813960.wav,4
./audio_dataset_cortado/2_859675.wav,2
./audio_dataset_cortado/1_1006467.wav,1
./audio_dataset_cortado/0_683864.wav,0
./audio_dataset_cortado/1_702693.wav,1
./audio_dataset_cortado/4_479017.wav,4
./audio_dataset_cortado/0_726760.wav,0
./audio_dataset_cortado/0_659100.wav,0
./audio_dataset_cortado/1_929663.wav,1
./audio_dataset_cortado/4_964962.wav,4
./audio_dataset_cortado/0_690836.wav,0
./audio_dataset_cortado/0_645068.wav,0
./audio_dataset_cortado/4_926365.wav,4
./audio_dataset_cortado/4_831223.wav,4
./audio_dataset_cortado/0_166939.wav,0
./audio_dataset_cortado/4_731903.wav,4
./audio_dataset_cortado/4_923210.wav,4
./audio_dataset_cortado/1_74425.wav,1
./audio_dataset_cortado/1_582795.wav,1
./audio_dataset_cortado/0_383016.wav,0
./audio_dataset_cortado/1_90789.wav,1
./audio_dataset_cortado/0_287973.wav,0
./audio_dataset_cortado/0_925824.wav,0
./audio_dataset_cortado/1_874994.wav,1
./audio_dataset_cortado/4_113661.wav,4
./audio_dataset_cortado/4_627137.wav,4
./audio_dataset_cortado/4_639472.wav,4
./audio_dataset_cortado/4_334013.wav,4
./audio_dataset_cortado/4_176985.wav,4
./audio_dataset_cortado/4_487037.wav,4
./audio_dataset_cortado/1_994275.wav,1
./audio_dataset_cortado/4_532986.wav,4
./audio_dataset_cortado/2_176986.wav,2
./audio_dataset_cortado/0_213588.wav,0
./audio_dataset_cortado/4_988524.wav,4
./audio_dataset_cortado/0_406549.wav,0
./audio_dataset_cortado/2_196112.wav,2
./audio_dataset_cortado/4_476541.wav,4
./audio_dataset_cortado/4_346518.wav,4
./audio_dataset_cortado/0_893676.wav,0
./audio_dataset_cortado/0_810843.wav,0
./audio_dataset_cortado/4_927348.wav,4
./audio_dataset_cortado/0_641723.wav,0
./audio_dataset_cortado/1_816341.wav,1
./audio_dataset_cortado/0_893258.wav,0
./audio_dataset_cortado/4_650339.wav,4
./audio_dataset_cortado/1_745360.wav,1
./audio_dataset_cortado/4_407375.wav,4
./audio_dataset_cortado/4_746692.wav,4
./audio_dataset_cortado/0_482411.wav,0
./audio_dataset_cortado/4_228979.wav,4
./audio_dataset_cortado/0_385860.wav,0
./audio_dataset_cortado/4_993271.wav,4
./audio_dataset_cortado/2_35217.wav,2
./audio_dataset_cortado/4_686170.wav,4
./audio_dataset_cortado/4_428866.wav,4
./audio_dataset_cortado/1_411174.wav,1
./audio_dataset_cortado/4_22455.wav,4
./audio_dataset_cortado/4_224619.wav,4
./audio_dataset_cortado/1_921179.wav,1
./audio_dataset_cortado/4_249973.wav,4
./audio_dataset_cortado/4_988860.wav,4
./audio_dataset_cortado/4_430804.wav,4
./audio_dataset_cortado/2_136011.wav,2
./audio_dataset_cortado/1_57324.wav,1
./audio_dataset_cortado/2_536930.wav,2
./audio_dataset_cortado/1_845653.wav,1
./audio_dataset_cortado/0_805772.wav,0
./audio_dataset_cortado/4_408874.wav,4
./audio_dataset_cortado/1_220039.wav,1
./audio_dataset_cortado/0_305757.wav,0
./audio_dataset_cortado/4_745858.wav,4
./audio_dataset_cortado/4_601689.wav,4
./audio_dataset_cortado/4_554219.wav,4
./audio_dataset_cortado/1_59399.wav,1
./audio_dataset_cortado/0_81149.wav,0
./audio_dataset_cortado/4_375361.wav,4
./audio_dataset_cortado/2_360982.wav,2
./audio_dataset_cortado/4_661776.wav,4
./audio_dataset_cortado/0_503817.wav,0
./audio_dataset_cortado/4_955804.wav,4
./audio_dataset_cortado/4_312988.wav,4
./audio_dataset_cortado/4_713715.wav,4
./audio_dataset_cortado/2_825334.wav,2
./audio_dataset_cortado/2_312989.wav,2
./audio_dataset_cortado/4_596067.wav,4
./audio_dataset_cortado/0_164782.wav,0
./audio_dataset_cortado/4_519787.wav,4
./audio_dataset_cortado/4_1035664.wav,4
./audio_dataset_cortado/4_685670.wav,4
./audio_dataset_cortado/2_16642.wav,2
./audio_dataset_cortado/4_999938.wav,4
./audio_dataset_cortado/4_182420.wav,4
./audio_dataset_cortado/2_253396.wav,2
./audio_dataset_cortado/1_86319.wav,1
./audio_dataset_cortado/1_760526.wav,1
./audio_dataset_cortado/1_955530.wav,1
./audio_dataset_cortado/2_50567.wav,2
./audio_dataset_cortado/4_34254.wav,4
./audio_dataset_cortado/4_614527.wav,4
./audio_dataset_cortado/4_11556.wav,4
./audio_dataset_cortado/4_750168.wav,4
./audio_dataset_cortado/1_627136.wav,1
./audio_dataset_cortado/4_1010097.wav,4
./audio_dataset_cortado/1_1048551.wav,1
./audio_dataset_cortado/0_596376.wav,0
./audio_dataset_cortado/4_822467.wav,4
./audio_dataset_cortado/1_615314.wav,1
./audio_dataset_cortado/4_794889.wav,4
./audio_dataset_cortado/4_247288.wav,4
./audio_dataset_cortado/0_771791.wav,0
./audio_dataset_cortado/4_19127.wav,4
./audio_dataset_cortado/0_853972.wav,0
./audio_dataset_cortado/1_981749.wav,1
./audio_dataset_cortado/1_590949.wav,1
./audio_dataset_cortado/4_895874.wav,4
./audio_dataset_cortado/4_449652.wav,4
./audio_dataset_cortado/2_105602.wav,2
./audio_dataset_cortado/1_57699.wav,1
./audio_dataset_cortado/4_578913.wav,4
./audio_dataset_cortado/0_54822.wav,0
./audio_dataset_cortado/2_314710.wav,2
./audio_dataset_cortado/2_935126.wav,2
./audio_dataset_cortado/2_462705.wav,2
./audio_dataset_cortado/4_796525.wav,4
./audio_dataset_cortado/1_791867.wav,1
./audio_dataset_cortado/4_974724.wav,4
./audio_dataset_cortado/1_932811.wav,1
./audio_dataset_cortado/0_180659.wav,0
./audio_dataset_cortado/1_631277.wav,1
./audio_dataset_cortado/4_858973.wav,4
./audio_dataset_cortado/0_317142.wav,0
./audio_dataset_cortado/4_315388.wav,4
./audio_dataset_cortado/0_77830.wav,0
./audio_dataset_cortado/4_466307.wav,4
./audio_dataset_cortado/4_1022640.wav,4
./audio_dataset_cortado/0_760449.wav,0
./audio_dataset_cortado/0_173077.wav,0
./audio_dataset_cortado/4_510819.wav,4
./audio_dataset_cortado/4_546203.wav,4
./audio_dataset_cortado/0_398518.wav,0
./audio_dataset_cortado/0_880453.wav,0
./audio_dataset_cortado/0_1015924.wav,0
./audio_dataset_cortado/4_163893.wav,4
./audio_dataset_cortado/4_1014318.wav,4
./audio_dataset_cortado/4_789811.wav,4
./audio_dataset_cortado/4_426811.wav,4
./audio_dataset_cortado/4_1035287.wav,4
./audio_dataset_cortado/2_831233.wav,2
./audio_dataset_cortado/4_814062.wav,4
./audio_dataset_cortado/2_955549.wav,2
./audio_dataset_cortado/4_969568.wav,4
./audio_dataset_cortado/4_787556.wav,4
./audio_dataset_cortado/2_627377.wav,2
./audio_dataset_cortado/4_904500.wav,4
./audio_dataset_cortado/0_999567.wav,0
./audio_dataset_cortado/4_408210.wav,4
./audio_dataset_cortado/4_897697.wav,4
./audio_dataset_cortado/0_347518.wav,0
./audio_dataset_cortado/2_508409.wav,2
./audio_dataset_cortado/4_1036837.wav,4
./audio_dataset_cortado/0_221741.wav,0
./audio_dataset_cortado/4_713108.wav,4
./audio_dataset_cortado/0_819706.wav,0
./audio_dataset_cortado/4_426304.wav,4
./audio_dataset_cortado/4_641069.wav,4
./audio_dataset_cortado/1_744430.wav,1
./audio_dataset_cortado/4_958024.wav,4
./audio_dataset_cortado/4_436329.wav,4
./audio_dataset_cortado/2_741571.wav,2
./audio_dataset_cortado/2_276381.wav,2
./audio_dataset_cortado/4_921834.wav,4
./audio_dataset_cortado/4_231900.wav,4
./audio_dataset_cortado/2_626590.wav,2
./audio_dataset_cortado/1_38790.wav,1
./audio_dataset_cortado/2_668609.wav,2
./audio_dataset_cortado/0_120588.wav,0
./audio_dataset_cortado/2_407376.wav,2
./audio_dataset_cortado/4_750932.wav,4
./audio_dataset_cortado/0_435440.wav,0
./audio_dataset_cortado/1_234191.wav,1
./audio_dataset_cortado/4_598170.wav,4
./audio_dataset_cortado/4_247006.wav,4
./audio_dataset_cortado/4_982990.wav,4
./audio_dataset_cortado/1_482791.wav,1
./audio_dataset_cortado/4_439316.wav,4
./audio_dataset_cortado/4_168453.wav,4
./audio_dataset_cortado/0_795909.wav,0
./audio_dataset_cortado/1_982933.wav,1
./audio_dataset_cortado/1_1030084.wav,1
./audio_dataset_cortado/4_398917.wav,4
./audio_dataset_cortado/4_990492.wav,4
./audio_dataset_cortado/1_654997.wav,1
./audio_dataset_cortado/4_204653.wav,4
./audio_dataset_cortado/4_589158.wav,4
./audio_dataset_cortado/0_895206.wav,0
./audio_dataset_cortado/1_479769.wav,1
./audio_dataset_cortado/4_923295.wav,4
./audio_dataset_cortado/0_870171.wav,0
./audio_dataset_cortado/4_196716.wav,4
./audio_dataset_cortado/0_862861.wav,0
./audio_dataset_cortado/4_594161.wav,4
./audio_dataset_cortado/0_729827.wav,0
./audio_dataset_cortado/4_912042.wav,4
./audio_dataset_cortado/4_831615.wav,4
./audio_dataset_cortado/4_277884.wav,4
./audio_dataset_cortado/4_776415.wav,4
./audio_dataset_cortado/0_34242.wav,0
./audio_dataset_cortado/1_473468.wav,1
./audio_dataset_cortado/0_341395.wav,0
./audio_dataset_cortado/4_318813.wav,4
./audio_dataset_cortado/0_38818.wav,0
./audio_dataset_cortado/4_110752.wav,4
./audio_dataset_cortado/1_688839.wav,1
./audio_dataset_cortado/4_714763.wav,4
./audio_dataset_cortado/0_100305.wav,0
./audio_dataset_cortado/0_946751.wav,0
./audio_dataset_cortado/2_635910.wav,2
./audio_dataset_cortado/1_983032.wav,1
./audio_dataset_cortado/0_360215.wav,0
./audio_dataset_cortado/4_959837.wav,4
./audio_dataset_cortado/4_923383.wav,4
./audio_dataset_cortado/1_718663.wav,1
./audio_dataset_cortado/0_659990.wav,0
./audio_dataset_cortado/4_395941.wav,4
./audio_dataset_cortado/4_599742.wav,4
./audio_dataset_cortado/4_751681.wav,4
./audio_dataset_cortado/4_1009991.wav,4
./audio_dataset_cortado/1_272912.wav,1
./audio_dataset_cortado/4_569450.wav,4
./audio_dataset_cortado/2_407027.wav,2
./audio_dataset_cortado/0_86515.wav,0
./audio_dataset_cortado/1_217826.wav,1
./audio_dataset_cortado/0_290823.wav,0
./audio_dataset_cortado/1_359144.wav,1
./audio_dataset_cortado/0_171979.wav,0
./audio_dataset_cortado/0_739951.wav,0
./audio_dataset_cortado/0_111922.wav,0
./audio_dataset_cortado/4_522856.wav,4
./audio_dataset_cortado/4_753803.wav,4
./audio_dataset_cortado/4_830793.wav,4
./audio_dataset_cortado/4_90106.wav,4
./audio_dataset_cortado/1_693493.wav,1
./audio_dataset_cortado/4_115364.wav,4
./audio_dataset_cortado/4_983975.wav,4
./audio_dataset_cortado/4_964517.wav,4
./audio_dataset_cortado/1_659048.wav,1
./audio_dataset_cortado/4_1002055.wav,4
./audio_dataset_cortado/4_113758.wav,4
./audio_dataset_cortado/4_996808.wav,4
./audio_dataset_cortado/2_575798.wav,2
./audio_dataset_cortado/0_291398.wav,0
./audio_dataset_cortado/0_577257.wav,0
./audio_dataset_cortado/4_21396.wav,4
./audio_dataset_cortado/0_364377.wav,0
./audio_dataset_cortado/4_945517.wav,4
./audio_dataset_cortado/4_553871.wav,4
./audio_dataset_cortado/4_353654.wav,4
./audio_dataset_cortado/4_263422.wav,4
./audio_dataset_cortado/4_216751.wav,4
./audio_dataset_cortado/0_849584.wav,0
./audio_dataset_cortado/0_791077.wav,0
./audio_dataset_cortado/0_984742.wav,0
./audio_dataset_cortado/4_1020234.wav,4
./audio_dataset_cortado/4_595401.wav,4
./audio_dataset_cortado/4_792728.wav,4
./audio_dataset_cortado/2_217638.wav,2
./audio_dataset_cortado/4_180790.wav,4
./audio_dataset_cortado/4_748934.wav,4
./audio_dataset_cortado/0_181135.wav,0
./audio_dataset_cortado/4_1001551.wav,4
./audio_dataset_cortado/0_860406.wav,0
./audio_dataset_cortado/4_469118.wav,4
./audio_dataset_cortado/4_439433.wav,4
./audio_dataset_cortado/4_614565.wav,4
./audio_dataset_cortado/4_847322.wav,4
./audio_dataset_cortado/4_968894.wav,4
./audio_dataset_cortado/4_980721.wav,4
./audio_dataset_cortado/0_129885.wav,0
./audio_dataset_cortado/4_670188.wav,4
./audio_dataset_cortado/4_239547.wav,4
./audio_dataset_cortado/4_173429.wav,4
./audio_dataset_cortado/4_618716.wav,4
./audio_dataset_cortado/0_965869.wav,0
./audio_dataset_cortado/0_894650.wav,0
./audio_dataset_cortado/4_895140.wav,4
./audio_dataset_cortado/0_246142.wav,0
./audio_dataset_cortado/0_895075.wav,0
./audio_dataset_cortado/4_1011704.wav,4
./audio_dataset_cortado/0_703240.wav,0
./audio_dataset_cortado/4_773383.wav,4
./audio_dataset_cortado/0_638.wav,0
./audio_dataset_cortado/1_74832.wav,1
./audio_dataset_cortado/1_395940.wav,1
./audio_dataset_cortado/4_872720.wav,4
./audio_dataset_cortado/0_695960.wav,0
./audio_dataset_cortado/4_105601.wav,4
./audio_dataset_cortado/4_369819.wav,4
./audio_dataset_cortado/4_346858.wav,4
./audio_dataset_cortado/1_633578.wav,1
./audio_dataset_cortado/4_854965.wav,4
./audio_dataset_cortado/0_41319.wav,0
./audio_dataset_cortado/0_996457.wav,0
./audio_dataset_cortado/1_962789.wav,1
./audio_dataset_cortado/4_315957.wav,4
./audio_dataset_cortado/4_485793.wav,4
./audio_dataset_cortado/0_860886.wav,0
./audio_dataset_cortado/4_93493.wav,4
./audio_dataset_cortado/1_941216.wav,1
./audio_dataset_cortado/0_275357.wav,0
./audio_dataset_cortado/4_147779.wav,4
./audio_dataset_cortado/4_950938.wav,4
./audio_dataset_cortado/4_850431.wav,4
./audio_dataset_cortado/4_906411.wav,4
./audio_dataset_cortado/4_866467.wav,4
./audio_dataset_cortado/0_369888.wav,0
./audio_dataset_cortado/4_229625.wav,4
./audio_dataset_cortado/1_928149.wav,1
./audio_dataset_cortado/0_409750.wav,0
./audio_dataset_cortado/1_26923.wav,1
./audio_dataset_cortado/0_437618.wav,0
./audio_dataset_cortado/2_653910.wav,2
./audio_dataset_cortado/0_1861.wav,0
./audio_dataset_cortado/0_158177.wav,0
./audio_dataset_cortado/2_234936.wav,2
./audio_dataset_cortado/0_571491.wav,0
./audio_dataset_cortado/4_52617.wav,4
./audio_dataset_cortado/4_43578.wav,4
./audio_dataset_cortado/2_425206.wav,2
./audio_dataset_cortado/0_991127.wav,0
./audio_dataset_cortado/0_899664.wav,0
./audio_dataset_cortado/0_884131.wav,0
./audio_dataset_cortado/4_858020.wav,4
./audio_dataset_cortado/4_341769.wav,4
./audio_dataset_cortado/1_929803.wav,1
./audio_dataset_cortado/4_287541.wav,4
./audio_dataset_cortado/4_892391.wav,4
./audio_dataset_cortado/0_835194.wav,0
./audio_dataset_cortado/4_177432.wav,4
./audio_dataset_cortado/4_563892.wav,4
./audio_dataset_cortado/4_1014935.wav,4
./audio_dataset_cortado/0_686737.wav,0
./audio_dataset_cortado/4_1019146.wav,4
./audio_dataset_cortado/0_644628.wav,0
./audio_dataset_cortado/4_812088.wav,4
./audio_dataset_cortado/0_227478.wav,0
./audio_dataset_cortado/4_123123.wav,4
./audio_dataset_cortado/4_1035650.wav,4
./audio_dataset_cortado/4_1926.wav,4
./audio_dataset_cortado/4_589979.wav,4
./audio_dataset_cortado/4_1043293.wav,4
./audio_dataset_cortado/1_661028.wav,1
./audio_dataset_cortado/1_991363.wav,1
./audio_dataset_cortado/2_456537.wav,2
./audio_dataset_cortado/0_224205.wav,0
./audio_dataset_cortado/1_33424.wav,1
./audio_dataset_cortado/4_222437.wav,4
./audio_dataset_cortado/0_410863.wav,0
./audio_dataset_cortado/4_910573.wav,4
./audio_dataset_cortado/4_640357.wav,4
./audio_dataset_cortado/4_48932.wav,4
./audio_dataset_cortado/0_96248.wav,0
./audio_dataset_cortado/4_411787.wav,4
./audio_dataset_cortado/4_967230.wav,4
./audio_dataset_cortado/4_132242.wav,4
./audio_dataset_cortado/4_574048.wav,4
./audio_dataset_cortado/2_6196.wav,2
./audio_dataset_cortado/0_584908.wav,0
./audio_dataset_cortado/4_702909.wav,4
./audio_dataset_cortado/0_24810.wav,0
./audio_dataset_cortado/4_66728.wav,4
./audio_dataset_cortado/4_955531.wav,4
./audio_dataset_cortado/0_277910.wav,0
./audio_dataset_cortado/0_303906.wav,0
./audio_dataset_cortado/1_459304.wav,1
./audio_dataset_cortado/1_175365.wav,1
./audio_dataset_cortado/1_450082.wav,1
./audio_dataset_cortado/1_36133.wav,1
./audio_dataset_cortado/4_517204.wav,4
./audio_dataset_cortado/0_73728.wav,0
./audio_dataset_cortado/1_946381.wav,1
./audio_dataset_cortado/2_32870.wav,2
./audio_dataset_cortado/4_218674.wav,4
./audio_dataset_cortado/4_11433.wav,4
./audio_dataset_cortado/4_774607.wav,4
./audio_dataset_cortado/1_759420.wav,1
./audio_dataset_cortado/0_35016.wav,0
./audio_dataset_cortado/4_602555.wav,4
./audio_dataset_cortado/0_535113.wav,0
./audio_dataset_cortado/1_825421.wav,1
./audio_dataset_cortado/4_296201.wav,4
./audio_dataset_cortado/4_822225.wav,4
./audio_dataset_cortado/0_202449.wav,0
./audio_dataset_cortado/4_726496.wav,4
./audio_dataset_cortado/4_917435.wav,4
./audio_dataset_cortado/2_729254.wav,2
./audio_dataset_cortado/2_1041097.wav,2
./audio_dataset_cortado/4_171093.wav,4
./audio_dataset_cortado/1_163122.wav,1
./audio_dataset_cortado/0_140101.wav,0
./audio_dataset_cortado/4_207300.wav,4
./audio_dataset_cortado/4_162056.wav,4
./audio_dataset_cortado/0_115865.wav,0
./audio_dataset_cortado/0_627911.wav,0
./audio_dataset_cortado/0_924089.wav,0
./audio_dataset_cortado/0_888186.wav,0
./audio_dataset_cortado/0_57323.wav,0
./audio_dataset_cortado/4_1018625.wav,4
./audio_dataset_cortado/1_667128.wav,1
./audio_dataset_cortado/0_504192.wav,0
./audio_dataset_cortado/4_53827.wav,4
./audio_dataset_cortado/0_99834.wav,0
./audio_dataset_cortado/0_476898.wav,0
./audio_dataset_cortado/4_591581.wav,4
./audio_dataset_cortado/4_859674.wav,4
./audio_dataset_cortado/4_724535.wav,4
./audio_dataset_cortado/0_11642.wav,0
./audio_dataset_cortado/4_771325.wav,4
./audio_dataset_cortado/4_1042054.wav,4
./audio_dataset_cortado/4_984729.wav,4
./audio_dataset_cortado/4_481524.wav,4
./audio_dataset_cortado/1_133535.wav,1
./audio_dataset_cortado/4_1022334.wav,4
./audio_dataset_cortado/1_980262.wav,1
./audio_dataset_cortado/4_721979.wav,4
./audio_dataset_cortado/4_915485.wav,4
./audio_dataset_cortado/2_853928.wav,2
./audio_dataset_cortado/4_16370.wav,4
./audio_dataset_cortado/4_859866.wav,4
./audio_dataset_cortado/4_562617.wav,4
./audio_dataset_cortado/4_487171.wav,4
./audio_dataset_cortado/0_876322.wav,0
./audio_dataset_cortado/4_1032756.wav,4
./audio_dataset_cortado/1_726542.wav,1
./audio_dataset_cortado/0_908599.wav,0
./audio_dataset_cortado/0_1043829.wav,0
./audio_dataset_cortado/4_1006877.wav,4
./audio_dataset_cortado/4_855088.wav,4
./audio_dataset_cortado/2_1045803.wav,2
./audio_dataset_cortado/1_942738.wav,1
./audio_dataset_cortado/4_38483.wav,4
./audio_dataset_cortado/4_590176.wav,4
./audio_dataset_cortado/0_954415.wav,0
./audio_dataset_cortado/2_230947.wav,2
./audio_dataset_cortado/0_667121.wav,0
./audio_dataset_cortado/4_224077.wav,4
./audio_dataset_cortado/1_140492.wav,1
./audio_dataset_cortado/1_931402.wav,1
./audio_dataset_cortado/0_682485.wav,0
./audio_dataset_cortado/4_941854.wav,4
./audio_dataset_cortado/4_594254.wav,4
./audio_dataset_cortado/4_519144.wav,4
./audio_dataset_cortado/0_894762.wav,0
./audio_dataset_cortado/0_147474.wav,0
./audio_dataset_cortado/0_262669.wav,0
./audio_dataset_cortado/1_180019.wav,1
./audio_dataset_cortado/4_651129.wav,4
./audio_dataset_cortado/2_714764.wav,2
./audio_dataset_cortado/4_449494.wav,4
./audio_dataset_cortado/0_1018603.wav,0
./audio_dataset_cortado/4_372090.wav,4
./audio_dataset_cortado/1_780629.wav,1
./audio_dataset_cortado/4_152576.wav,4
./audio_dataset_cortado/1_230203.wav,1
./audio_dataset_cortado/4_243158.wav,4
./audio_dataset_cortado/4_783257.wav,4
./audio_dataset_cortado/0_120759.wav,0
./audio_dataset_cortado/2_247289.wav,2
./audio_dataset_cortado/0_622779.wav,0
./audio_dataset_cortado/0_737339.wav,0
./audio_dataset_cortado/1_853464.wav,1
./audio_dataset_cortado/4_880672.wav,4
./audio_dataset_cortado/4_664500.wav,4
./audio_dataset_cortado/0_417419.wav,0
./audio_dataset_cortado/4_984483.wav,4
./audio_dataset_cortado/1_1046884.wav,1
./audio_dataset_cortado/4_878968.wav,4
./audio_dataset_cortado/4_221761.wav,4
./audio_dataset_cortado/0_962132.wav,0
./audio_dataset_cortado/4_551342.wav,4
./audio_dataset_cortado/4_1017440.wav,4
./audio_dataset_cortado/0_945855.wav,0
./audio_dataset_cortado/1_913292.wav,1
./audio_dataset_cortado/1_308483.wav,1
./audio_dataset_cortado/2_1019551.wav,2
./audio_dataset_cortado/4_720946.wav,4
./audio_dataset_cortado/0_267880.wav,0
./audio_dataset_cortado/0_230818.wav,0
./audio_dataset_cortado/2_706360.wav,2
./audio_dataset_cortado/2_854887.wav,2
./audio_dataset_cortado/4_40175.wav,4
./audio_dataset_cortado/4_927590.wav,4
./audio_dataset_cortado/1_653916.wav,1
./audio_dataset_cortado/0_483532.wav,0
./audio_dataset_cortado/0_54331.wav,0
./audio_dataset_cortado/0_735802.wav,0
./audio_dataset_cortado/4_914385.wav,4
./audio_dataset_cortado/4_177350.wav,4
./audio_dataset_cortado/4_575797.wav,4
./audio_dataset_cortado/4_499418.wav,4
./audio_dataset_cortado/1_64795.wav,1
./audio_dataset_cortado/1_678718.wav,1
./audio_dataset_cortado/4_638992.wav,4
./audio_dataset_cortado/4_76413.wav,4
./audio_dataset_cortado/1_354053.wav,1
./audio_dataset_cortado/4_450794.wav,4
./audio_dataset_cortado/1_314364.wav,1
./audio_dataset_cortado/0_860944.wav,0
./audio_dataset_cortado/2_177009.wav,2
./audio_dataset_cortado/1_719656.wav,1
./audio_dataset_cortado/1_665541.wav,1
./audio_dataset_cortado/4_882031.wav,4
./audio_dataset_cortado/0_509017.wav,0
./audio_dataset_cortado/0_717487.wav,0
./audio_dataset_cortado/4_136605.wav,4
./audio_dataset_cortado/4_748559.wav,4
./audio_dataset_cortado/0_718860.wav,0
./audio_dataset_cortado/4_600757.wav,4
./audio_dataset_cortado/1_801371.wav,1
./audio_dataset_cortado/0_364138.wav,0
./audio_dataset_cortado/4_448048.wav,4
./audio_dataset_cortado/1_989094.wav,1
./audio_dataset_cortado/4_33963.wav,4
./audio_dataset_cortado/1_768657.wav,1
./audio_dataset_cortado/1_905991.wav,1
./audio_dataset_cortado/0_832101.wav,0
./audio_dataset_cortado/0_963026.wav,0
./audio_dataset_cortado/0_736841.wav,0
./audio_dataset_cortado/1_257716.wav,1
./audio_dataset_cortado/1_85721.wav,1
./audio_dataset_cortado/1_1009144.wav,1
./audio_dataset_cortado/4_323471.wav,4
./audio_dataset_cortado/4_296620.wav,4
./audio_dataset_cortado/0_41336.wav,0
./audio_dataset_cortado/1_215445.wav,1
./audio_dataset_cortado/0_755481.wav,0
./audio_dataset_cortado/2_696986.wav,2
./audio_dataset_cortado/4_595683.wav,4
./audio_dataset_cortado/1_434522.wav,1
./audio_dataset_cortado/1_771129.wav,1
./audio_dataset_cortado/4_102328.wav,4
./audio_dataset_cortado/1_26824.wav,1
./audio_dataset_cortado/1_500682.wav,1
./audio_dataset_cortado/2_327450.wav,2
./audio_dataset_cortado/4_862219.wav,4
./audio_dataset_cortado/4_598213.wav,4
./audio_dataset_cortado/4_1042955.wav,4
./audio_dataset_cortado/4_60022.wav,4
./audio_dataset_cortado/0_723122.wav,0
./audio_dataset_cortado/4_930325.wav,4
./audio_dataset_cortado/4_103143.wav,4
./audio_dataset_cortado/1_724674.wav,1
./audio_dataset_cortado/4_505217.wav,4
./audio_dataset_cortado/4_626574.wav,4
./audio_dataset_cortado/4_4708.wav,4
./audio_dataset_cortado/2_625551.wav,2
./audio_dataset_cortado/1_183507.wav,1
./audio_dataset_cortado/4_299209.wav,4
./audio_dataset_cortado/1_890104.wav,1
./audio_dataset_cortado/4_665373.wav,4
./audio_dataset_cortado/0_358216.wav,0
./audio_dataset_cortado/4_497847.wav,4
./audio_dataset_cortado/4_192220.wav,4
./audio_dataset_cortado/4_642552.wav,4
./audio_dataset_cortado/4_943942.wav,4
./audio_dataset_cortado/4_768793.wav,4
./audio_dataset_cortado/1_47679.wav,1
./audio_dataset_cortado/0_968979.wav,0
./audio_dataset_cortado/4_550265.wav,4
./audio_dataset_cortado/0_807795.wav,0
./audio_dataset_cortado/4_706359.wav,4
./audio_dataset_cortado/4_979824.wav,4
./audio_dataset_cortado/4_625550.wav,4
./audio_dataset_cortado/4_989693.wav,4
./audio_dataset_cortado/1_342464.wav,1
./audio_dataset_cortado/4_1037309.wav,4
./audio_dataset_cortado/4_741889.wav,4
./audio_dataset_cortado/4_419291.wav,4
./audio_dataset_cortado/4_651774.wav,4
./audio_dataset_cortado/4_627376.wav,4
./audio_dataset_cortado/1_1042843.wav,1
./audio_dataset_cortado/0_72501.wav,0
./audio_dataset_cortado/1_346227.wav,1
./audio_dataset_cortado/1_516498.wav,1
./audio_dataset_cortado/1_93608.wav,1
./audio_dataset_cortado/4_700586.wav,4
./audio_dataset_cortado/4_236548.wav,4
./audio_dataset_cortado/2_631820.wav,2
./audio_dataset_cortado/4_839748.wav,4
./audio_dataset_cortado/4_930940.wav,4
./audio_dataset_cortado/0_643076.wav,0
./audio_dataset_cortado/4_359666.wav,4
./audio_dataset_cortado/4_653909.wav,4
./audio_dataset_cortado/1_542593.wav,1
./audio_dataset_cortado/0_66427.wav,0
./audio_dataset_cortado/0_575755.wav,0
./audio_dataset_cortado/0_997095.wav,0
./audio_dataset_cortado/0_286976.wav,0
./audio_dataset_cortado/4_256183.wav,4
./audio_dataset_cortado/1_230842.wav,1
./audio_dataset_cortado/4_596634.wav,4
./audio_dataset_cortado/0_189715.wav,0
./audio_dataset_cortado/0_198061.wav,0
./audio_dataset_cortado/4_840308.wav,4
./audio_dataset_cortado/2_981851.wav,2
./audio_dataset_cortado/4_215754.wav,4
./audio_dataset_cortado/4_120308.wav,4
./audio_dataset_cortado/4_6013.wav,4
./audio_dataset_cortado/4_608336.wav,4
./audio_dataset_cortado/4_1032976.wav,4
./audio_dataset_cortado/4_989335.wav,4
./audio_dataset_cortado/2_898367.wav,2
./audio_dataset_cortado/4_895159.wav,4
./audio_dataset_cortado/4_425906.wav,4
./audio_dataset_cortado/4_961078.wav,4
./audio_dataset_cortado/1_949354.wav,1
./audio_dataset_cortado/4_869184.wav,4
./audio_dataset_cortado/1_349074.wav,1
./audio_dataset_cortado/1_281947.wav,1
./audio_dataset_cortado/4_741570.wav,4
./audio_dataset_cortado/4_90278.wav,4
./audio_dataset_cortado/2_588944.wav,2
./audio_dataset_cortado/0_261905.wav,0
./audio_dataset_cortado/4_122061.wav,4
./audio_dataset_cortado/4_156988.wav,4
./audio_dataset_cortado/0_1003829.wav,0
./audio_dataset_cortado/0_762645.wav,0
./audio_dataset_cortado/0_581809.wav,0
./audio_dataset_cortado/4_530242.wav,4
./audio_dataset_cortado/0_362092.wav,0
./audio_dataset_cortado/4_196111.wav,4
./audio_dataset_cortado/4_15811.wav,4
./audio_dataset_cortado/4_846911.wav,4
./audio_dataset_cortado/1_122140.wav,1
./audio_dataset_cortado/4_990219.wav,4
./audio_dataset_cortado/4_730053.wav,4
./audio_dataset_cortado/1_302516.wav,1
./audio_dataset_cortado/2_196285.wav,2
./audio_dataset_cortado/4_741918.wav,4
./audio_dataset_cortado/0_1038036.wav,0
./audio_dataset_cortado/0_11825.wav,0
./audio_dataset_cortado/4_47939.wav,4
./audio_dataset_cortado/1_183223.wav,1
./audio_dataset_cortado/4_576813.wav,4
./audio_dataset_cortado/2_516544.wav,2
./audio_dataset_cortado/4_452788.wav,4
./audio_dataset_cortado/0_658836.wav,0
./audio_dataset_cortado/4_561812.wav,4
./audio_dataset_cortado/1_787842.wav,1
./audio_dataset_cortado/1_1033664.wav,1
./audio_dataset_cortado/4_912316.wav,4
./audio_dataset_cortado/2_771987.wav,2
./audio_dataset_cortado/2_103931.wav,2
./audio_dataset_cortado/4_818628.wav,4
./audio_dataset_cortado/2_127867.wav,2
./audio_dataset_cortado/0_294131.wav,0
./audio_dataset_cortado/1_67590.wav,1
./audio_dataset_cortado/4_773755.wav,4
./audio_dataset_cortado/1_640802.wav,1
./audio_dataset_cortado/4_98783.wav,4
./audio_dataset_cortado/0_211591.wav,0
./audio_dataset_cortado/0_550170.wav,0
./audio_dataset_cortado/0_853384.wav,0
./audio_dataset_cortado/2_80600.wav,2
./audio_dataset_cortado/0_460839.wav,0
./audio_dataset_cortado/4_224765.wav,4
./audio_dataset_cortado/0_758810.wav,0
./audio_dataset_cortado/4_682093.wav,4
./audio_dataset_cortado/1_851586.wav,1
./audio_dataset_cortado/0_381798.wav,0
./audio_dataset_cortado/2_102329.wav,2
./audio_dataset_cortado/4_749942.wav,4
./audio_dataset_cortado/4_493872.wav,4
./audio_dataset_cortado/4_790786.wav,4
./audio_dataset_cortado/0_990218.wav,0
./audio_dataset_cortado/1_616494.wav,1
./audio_dataset_cortado/1_125657.wav,1
./audio_dataset_cortado/4_230946.wav,4
./audio_dataset_cortado/2_864976.wav,2
./audio_dataset_cortado/0_860518.wav,0
./audio_dataset_cortado/0_260269.wav,0
./audio_dataset_cortado/0_285937.wav,0
./audio_dataset_cortado/4_971165.wav,4
./audio_dataset_cortado/1_566382.wav,1
./audio_dataset_cortado/4_38791.wav,4
./audio_dataset_cortado/4_794183.wav,4
./audio_dataset_cortado/0_18091.wav,0
./audio_dataset_cortado/4_351151.wav,4
./audio_dataset_cortado/4_913138.wav,4
./audio_dataset_cortado/4_1030489.wav,4
./audio_dataset_cortado/0_392152.wav,0
./audio_dataset_cortado/4_620540.wav,4
./audio_dataset_cortado/4_709022.wav,4
./audio_dataset_cortado/4_998578.wav,4
./audio_dataset_cortado/2_753929.wav,2
./audio_dataset_cortado/1_1015731.wav,1
./audio_dataset_cortado/4_85272.wav,4
./audio_dataset_cortado/2_370857.wav,2
./audio_dataset_cortado/4_1021617.wav,4
./audio_dataset_cortado/4_412608.wav,4
./audio_dataset_cortado/0_208579.wav,0
./audio_dataset_cortado/1_461660.wav,1
./audio_dataset_cortado/0_223452.wav,0
./audio_dataset_cortado/4_189803.wav,4
./audio_dataset_cortado/0_19710.wav,0
./audio_dataset_cortado/4_394225.wav,4
./audio_dataset_cortado/0_726538.wav,0
./audio_dataset_cortado/0_696068.wav,0
./audio_dataset_cortado/1_253160.wav,1
./audio_dataset_cortado/2_462312.wav,2
./audio_dataset_cortado/4_183382.wav,4
./audio_dataset_cortado/4_3341.wav,4
./audio_dataset_cortado/1_1011217.wav,1
./audio_dataset_cortado/4_963112.wav,4
./audio_dataset_cortado/4_426386.wav,4
./audio_dataset_cortado/0_81664.wav,0
./audio_dataset_cortado/4_469517.wav,4
./audio_dataset_cortado/4_488863.wav,4
./audio_dataset_cortado/0_333193.wav,0
./audio_dataset_cortado/1_969768.wav,1
./audio_dataset_cortado/1_712082.wav,1
./audio_dataset_cortado/4_304346.wav,4
./audio_dataset_cortado/1_949741.wav,1
./audio_dataset_cortado/4_825333.wav,4
./audio_dataset_cortado/0_989141.wav,0
./audio_dataset_cortado/4_818300.wav,4
./audio_dataset_cortado/4_503431.wav,4
./audio_dataset_cortado/1_909900.wav,1
./audio_dataset_cortado/4_726314.wav,4
./audio_dataset_cortado/0_84534.wav,0
./audio_dataset_cortado/4_74208.wav,4
./audio_dataset_cortado/4_583561.wav,4
./audio_dataset_cortado/0_704204.wav,0
./audio_dataset_cortado/0_906420.wav,0
./audio_dataset_cortado/2_17034.wav,2
./audio_dataset_cortado/2_1014936.wav,2
./audio_dataset_cortado/0_43745.wav,0
./audio_dataset_cortado/0_46109.wav,0
./audio_dataset_cortado/2_351152.wav,2
./audio_dataset_cortado/4_393237.wav,4
./audio_dataset_cortado/0_928062.wav,0
./audio_dataset_cortado/2_468055.wav,2
./audio_dataset_cortado/4_876178.wav,4
./audio_dataset_cortado/2_483431.wav,2
./audio_dataset_cortado/0_291940.wav,0
./audio_dataset_cortado/4_286062.wav,4
./audio_dataset_cortado/0_880078.wav,0
./audio_dataset_cortado/2_1011897.wav,2
./audio_dataset_cortado/0_671437.wav,0
./audio_dataset_cortado/1_678782.wav,1
./audio_dataset_cortado/0_205424.wav,0
./audio_dataset_cortado/4_958709.wav,4
./audio_dataset_cortado/4_978548.wav,4
./audio_dataset_cortado/1_456773.wav,1
./audio_dataset_cortado/0_167337.wav,0
./audio_dataset_cortado/4_822359.wav,4
./audio_dataset_cortado/0_859101.wav,0
./audio_dataset_cortado/4_804096.wav,4
./audio_dataset_cortado/4_523887.wav,4
./audio_dataset_cortado/4_719556.wav,4
./audio_dataset_cortado/1_17628.wav,1
./audio_dataset_cortado/1_428999.wav,1
./audio_dataset_cortado/4_9113.wav,4
./audio_dataset_cortado/1_1046349.wav,1
./audio_dataset_cortado/1_993877.wav,1
./audio_dataset_cortado/2_206383.wav,2
./audio_dataset_cortado/4_155016.wav,4
./audio_dataset_cortado/1_1008689.wav,1
./audio_dataset_cortado/4_861441.wav,4
./audio_dataset_cortado/2_408875.wav,2
./audio_dataset_cortado/1_301880.wav,1
./audio_dataset_cortado/4_270161.wav,4
./audio_dataset_cortado/0_474986.wav,0
./audio_dataset_cortado/1_626960.wav,1
./audio_dataset_cortado/2_979825.wav,2
./audio_dataset_cortado/1_24220.wav,1
./audio_dataset_cortado/4_147459.wav,4
./audio_dataset_cortado/4_948086.wav,4
./audio_dataset_cortado/1_878156.wav,1
./audio_dataset_cortado/1_862376.wav,1
./audio_dataset_cortado/4_682239.wav,4
./audio_dataset_cortado/0_40190.wav,0
./audio_dataset_cortado/0_688243.wav,0
./audio_dataset_cortado/0_82659.wav,0
./audio_dataset_cortado/4_955404.wav,4
./audio_dataset_cortado/0_769795.wav,0
./audio_dataset_cortado/4_382320.wav,4
./audio_dataset_cortado/2_702318.wav,2
./audio_dataset_cortado/1_1044768.wav,1
./audio_dataset_cortado/4_34910.wav,4
./audio_dataset_cortado/4_176023.wav,4
./audio_dataset_cortado/1_357916.wav,1
./audio_dataset_cortado/4_242093.wav,4
./audio_dataset_cortado/1_139851.wav,1
./audio_dataset_cortado/4_787715.wav,4
./audio_dataset_cortado/4_946938.wav,4
./audio_dataset_cortado/1_667532.wav,1
./audio_dataset_cortado/0_140643.wav,0
./audio_dataset_cortado/2_927591.wav,2
./audio_dataset_cortado/2_726497.wav,2
./audio_dataset_cortado/4_854469.wav,4
./audio_dataset_cortado/4_1025663.wav,4
./audio_dataset_cortado/4_770044.wav,4
./audio_dataset_cortado/4_51742.wav,4
./audio_dataset_cortado/4_941282.wav,4
./audio_dataset_cortado/4_568369.wav,4
./audio_dataset_cortado/4_983033.wav,4
./audio_dataset_cortado/4_1023512.wav,4
./audio_dataset_cortado/0_313924.wav,0
./audio_dataset_cortado/0_51579.wav,0
./audio_dataset_cortado/0_1025407.wav,0
./audio_dataset_cortado/2_472161.wav,2
./audio_dataset_cortado/1_567417.wav,1
./audio_dataset_cortado/1_1040286.wav,1
./audio_dataset_cortado/0_231680.wav,0
./audio_dataset_cortado/4_1040294.wav,4
./audio_dataset_cortado/0_582782.wav,0
./audio_dataset_cortado/4_990332.wav,4
./audio_dataset_cortado/4_771542.wav,4
./audio_dataset_cortado/4_885161.wav,4
./audio_dataset_cortado/4_814831.wav,4
./audio_dataset_cortado/4_83211.wav,4
./audio_dataset_cortado/4_538197.wav,4
./audio_dataset_cortado/2_990493.wav,2
./audio_dataset_cortado/4_607701.wav,4
./audio_dataset_cortado/4_17629.wav,4
./audio_dataset_cortado/4_312233.wav,4
./audio_dataset_cortado/2_934242.wav,2
./audio_dataset_cortado/4_901079.wav,4
./audio_dataset_cortado/2_724536.wav,2
./audio_dataset_cortado/4_283341.wav,4
./audio_dataset_cortado/0_81723.wav,0
./audio_dataset_cortado/4_536929.wav,4
./audio_dataset_cortado/4_349693.wav,4
./audio_dataset_cortado/4_628459.wav,4
./audio_dataset_cortado/1_647059.wav,1
./audio_dataset_cortado/0_407870.wav,0
./audio_dataset_cortado/4_77667.wav,4
./audio_dataset_cortado/4_80068.wav,4
./audio_dataset_cortado/4_591829.wav,4
./audio_dataset_cortado/1_358520.wav,1
./audio_dataset_cortado/1_798718.wav,1
./audio_dataset_cortado/4_168614.wav,4
./audio_dataset_cortado/2_411587.wav,2
./audio_dataset_cortado/0_734194.wav,0
./audio_dataset_cortado/1_949180.wav,1
./audio_dataset_cortado/4_260812.wav,4
./audio_dataset_cortado/1_198526.wav,1
./audio_dataset_cortado/4_965152.wav,4
./audio_dataset_cortado/4_934241.wav,4
./audio_dataset_cortado/1_726313.wav,1
./audio_dataset_cortado/1_453244.wav,1
./audio_dataset_cortado/1_404959.wav,1
./audio_dataset_cortado/4_18359.wav,4
./audio_dataset_cortado/4_46662.wav,4
./audio_dataset_cortado/4_789265.wav,4
./audio_dataset_cortado/4_324473.wav,4
./audio_dataset_cortado/0_65629.wav,0
./audio_dataset_cortado/4_728579.wav,4
./audio_dataset_cortado/4_566922.wav,4
./audio_dataset_cortado/2_861442.wav,2
./audio_dataset_cortado/2_346859.wav,2
./audio_dataset_cortado/4_54811.wav,4
./audio_dataset_cortado/1_991517.wav,1
./audio_dataset_cortado/4_987970.wav,4
./audio_dataset_cortado/1_854922.wav,1
./audio_dataset_cortado/4_511500.wav,4
./audio_dataset_cortado/0_1010032.wav,0
./audio_dataset_cortado/1_103186.wav,1
./audio_dataset_cortado/0_36902.wav,0
./audio_dataset_cortado/4_559326.wav,4
./audio_dataset_cortado/0_430147.wav,0
./audio_dataset_cortado/4_886827.wav,4
./audio_dataset_cortado/4_47957.wav,4
./audio_dataset_cortado/2_591582.wav,2
./audio_dataset_cortado/0_390048.wav,0
./audio_dataset_cortado/1_425905.wav,1
./audio_dataset_cortado/4_760231.wav,4
./audio_dataset_cortado/4_658612.wav,4
./audio_dataset_cortado/0_887979.wav,0
./audio_dataset_cortado/1_760833.wav,1
./audio_dataset_cortado/4_580146.wav,4
./audio_dataset_cortado/0_211472.wav,0
./audio_dataset_cortado/1_164218.wav,1
./audio_dataset_cortado/0_133484.wav,0
./audio_dataset_cortado/0_975115.wav,0
./audio_dataset_cortado/2_675000.wav,2
./audio_dataset_cortado/0_779380.wav,0
./audio_dataset_cortado/4_366342.wav,4
./audio_dataset_cortado/0_144860.wav,0
./audio_dataset_cortado/4_853037.wav,4
./audio_dataset_cortado/4_820713.wav,4
./audio_dataset_cortado/4_635909.wav,4
./audio_dataset_cortado/4_44244.wav,4
./audio_dataset_cortado/1_241722.wav,1
./audio_dataset_cortado/1_615740.wav,1
./audio_dataset_cortado/0_255371.wav,0
./audio_dataset_cortado/4_1011025.wav,4
./audio_dataset_cortado/1_632582.wav,1
./audio_dataset_cortado/4_553886.wav,4
./audio_dataset_cortado/2_493873.wav,2
./audio_dataset_cortado/2_290812.wav,2
./audio_dataset_cortado/1_791486.wav,1
./audio_dataset_cortado/4_205578.wav,4
./audio_dataset_cortado/1_1019836.wav,1
./audio_dataset_cortado/4_657267.wav,4
./audio_dataset_cortado/1_471500.wav,1
./audio_dataset_cortado/0_577260.wav,0
./audio_dataset_cortado/0_639673.wav,0
./audio_dataset_cortado/4_819257.wav,4
./audio_dataset_cortado/4_570833.wav,4
./audio_dataset_cortado/4_404118.wav,4
./audio_dataset_cortado/1_379437.wav,1
./audio_dataset_cortado/1_794324.wav,1
./audio_dataset_cortado/4_781634.wav,4
./audio_dataset_cortado/2_640359.wav,2
./audio_dataset_cortado/4_495894.wav,4
./audio_dataset_cortado/2_13067.wav,2
./audio_dataset_cortado/2_469119.wav,2
./audio_dataset_cortado/0_95296.wav,0
./audio_dataset_cortado/0_66380.wav,0
./audio_dataset_cortado/0_1030783.wav,0
./audio_dataset_cortado/0_697419.wav,0
./audio_dataset_cortado/0_686393.wav,0
./audio_dataset_cortado/0_467092.wav,0
./audio_dataset_cortado/1_115695.wav,1
./audio_dataset_cortado/4_235435.wav,4
./audio_dataset_cortado/4_367347.wav,4
./audio_dataset_cortado/0_598296.wav,0
./audio_dataset_cortado/1_376947.wav,1
./audio_dataset_cortado/0_342522.wav,0
./audio_dataset_cortado/1_244844.wav,1
./audio_dataset_cortado/1_985828.wav,1
./audio_dataset_cortado/4_773995.wav,4
./audio_dataset_cortado/0_805035.wav,0
./audio_dataset_cortado/1_926986.wav,1
./audio_dataset_cortado/1_866957.wav,1
./audio_dataset_cortado/2_638993.wav,2
./audio_dataset_cortado/1_621372.wav,1
./audio_dataset_cortado/4_276380.wav,4
./audio_dataset_cortado/0_896730.wav,0
./audio_dataset_cortado/4_750339.wav,4
./audio_dataset_cortado/4_618474.wav,4
./audio_dataset_cortado/4_363168.wav,4
./audio_dataset_cortado/4_385711.wav,4
./audio_dataset_cortado/0_952374.wav,0
./audio_dataset_cortado/1_231004.wav,1
./audio_dataset_cortado/1_1048541.wav,1
./audio_dataset_cortado/2_651130.wav,2
./audio_dataset_cortado/0_506447.wav,0
./audio_dataset_cortado/0_387551.wav,0
./audio_dataset_cortado/4_963200.wav,4
./audio_dataset_cortado/4_832141.wav,4
./audio_dataset_cortado/4_197269.wav,4
./audio_dataset_cortado/4_565808.wav,4
./audio_dataset_cortado/2_412609.wav,2
./audio_dataset_cortado/4_486316.wav,4
./audio_dataset_cortado/4_534911.wav,4
./audio_dataset_cortado/0_674319.wav,0
./audio_dataset_cortado/4_98829.wav,4
./audio_dataset_cortado/2_814063.wav,2
./audio_dataset_cortado/0_762220.wav,0
./audio_dataset_cortado/2_376615.wav,2
./audio_dataset_cortado/0_120262.wav,0
./audio_dataset_cortado/0_116447.wav,0
./audio_dataset_cortado/4_399013.wav,4
./audio_dataset_cortado/4_640534.wav,4
./audio_dataset_cortado/2_451665.wav,2
./audio_dataset_cortado/2_686171.wav,2
./audio_dataset_cortado/2_493101.wav,2
./audio_dataset_cortado/4_110523.wav,4
./audio_dataset_cortado/1_653166.wav,1
./audio_dataset_cortado/4_756239.wav,4
./audio_dataset_cortado/0_47824.wav,0
./audio_dataset_cortado/4_516543.wav,4
./audio_dataset_cortado/0_807407.wav,0
./audio_dataset_cortado/4_826.wav,4
./audio_dataset_cortado/4_427901.wav,4
./audio_dataset_cortado/2_993272.wav,2
./audio_dataset_cortado/1_56352.wav,1
./audio_dataset_cortado/4_193436.wav,4
./audio_dataset_cortado/2_1039161.wav,2
./audio_dataset_cortado/0_554994.wav,0
./audio_dataset_cortado/4_771986.wav,4
./audio_dataset_cortado/1_331385.wav,1
./audio_dataset_cortado/4_508408.wav,4
./audio_dataset_cortado/4_629706.wav,4
./audio_dataset_cortado/1_1002487.wav,1
./audio_dataset_cortado/4_875047.wav,4
./audio_dataset_cortado/1_891268.wav,1
./audio_dataset_cortado/4_422102.wav,4
./audio_dataset_cortado/2_1022641.wav,2
./audio_dataset_cortado/2_599283.wav,2
./audio_dataset_cortado/0_843322.wav,0
./audio_dataset_cortado/4_1014548.wav,4
./audio_dataset_cortado/2_650971.wav,2
./audio_dataset_cortado/4_829154.wav,4
./audio_dataset_cortado/2_56814.wav,2
./audio_dataset_cortado/0_87344.wav,0
./audio_dataset_cortado/4_674999.wav,4
./audio_dataset_cortado/4_945439.wav,4
./audio_dataset_cortado/0_640691.wav,0
./audio_dataset_cortado/4_423740.wav,4
./audio_dataset_cortado/4_191753.wav,4
./audio_dataset_cortado/1_102795.wav,1
./audio_dataset_cortado/4_928150.wav,4
./audio_dataset_cortado/2_650340.wav,2
./audio_dataset_cortado/4_989522.wav,4
./audio_dataset_cortado/1_884382.wav,1
./audio_dataset_cortado/4_910711.wav,4
./audio_dataset_cortado/4_962045.wav,4
./audio_dataset_cortado/1_641058.wav,1
./audio_dataset_cortado/0_760029.wav,0
./audio_dataset_cortado/4_927737.wav,4
./audio_dataset_cortado/2_1001552.wav,2
./audio_dataset_cortado/4_842421.wav,4
./audio_dataset_cortado/0_826279.wav,0
./audio_dataset_cortado/1_486813.wav,1
./audio_dataset_cortado/2_1019147.wav,2
./audio_dataset_cortado/4_462311.wav,4
./audio_dataset_cortado/4_1039160.wav,4
./audio_dataset_cortado/4_824613.wav,4
./audio_dataset_cortado/4_921054.wav,4
./audio_dataset_cortado/0_818204.wav,0
./audio_dataset_cortado/1_635845.wav,1
./audio_dataset_cortado/4_527415.wav,4
./audio_dataset_cortado/1_96175.wav,1
./audio_dataset_cortado/4_183855.wav,4
./audio_dataset_cortado/4_501085.wav,4
./audio_dataset_cortado/0_1004254.wav,0
./audio_dataset_cortado/1_224715.wav,1
./audio_dataset_cortado/0_127701.wav,0
./audio_dataset_cortado/4_20215.wav,4
./audio_dataset_cortado/4_818697.wav,4
./audio_dataset_cortado/4_314365.wav,4
./audio_dataset_cortado/1_1032755.wav,1
./audio_dataset_cortado/0_125390.wav,0
./audio_dataset_cortado/2_929020.wav,2
./audio_dataset_cortado/2_264574.wav,2
./audio_dataset_cortado/4_169555.wav,4
./audio_dataset_cortado/1_304118.wav,1
./audio_dataset_cortado/0_888324.wav,0
./audio_dataset_cortado/4_360981.wav,4
./audio_dataset_cortado/0_200256.wav,0
./audio_dataset_cortado/1_898144.wav,1
./audio_dataset_cortado/1_478309.wav,1
./audio_dataset_cortado/4_80845.wav,4
./audio_dataset_cortado/1_630098.wav,1
./audio_dataset_cortado/1_566830.wav,1
./audio_dataset_cortado/4_956858.wav,4
./audio_dataset_cortado/4_816196.wav,4
./audio_dataset_cortado/2_1018626.wav,2
./audio_dataset_cortado/2_831616.wav,2
./audio_dataset_cortado/1_449684.wav,1
./audio_dataset_cortado/4_448554.wav,4
./audio_dataset_cortado/2_412860.wav,2
./audio_dataset_cortado/0_793018.wav,0
./audio_dataset_cortado/4_668607.wav,4
./audio_dataset_cortado/4_196284.wav,4
./audio_dataset_cortado/1_514310.wav,1
./audio_dataset_cortado/4_728688.wav,4
./audio_dataset_cortado/1_1035558.wav,1
./audio_dataset_cortado/4_516607.wav,4
./audio_dataset_cortado/4_36629.wav,4
./audio_dataset_cortado/0_28067.wav,0
./audio_dataset_cortado/4_47332.wav,4
./audio_dataset_cortado/1_610397.wav,1
./audio_dataset_cortado/4_816348.wav,4
./audio_dataset_cortado/0_370510.wav,0
./audio_dataset_cortado/0_1028419.wav,0
./audio_dataset_cortado/4_219891.wav,4
./audio_dataset_cortado/1_648969.wav,1
./audio_dataset_cortado/4_875511.wav,4
./audio_dataset_cortado/4_340740.wav,4
./audio_dataset_cortado/4_321881.wav,4
./audio_dataset_cortado/0_864259.wav,0
./audio_dataset_cortado/2_744279.wav,2
./audio_dataset_cortado/1_370839.wav,1
./audio_dataset_cortado/0_11264.wav,0
./audio_dataset_cortado/1_809531.wav,1
./audio_dataset_cortado/4_680504.wav,4
./audio_dataset_cortado/2_765587.wav,2
./audio_dataset_cortado/1_315041.wav,1
./audio_dataset_cortado/1_399650.wav,1
./audio_dataset_cortado/2_235436.wav,2
./audio_dataset_cortado/4_411586.wav,4
./audio_dataset_cortado/0_896218.wav,0
./audio_dataset_cortado/2_663154.wav,2
./audio_dataset_cortado/1_63083.wav,1
./audio_dataset_cortado/2_441237.wav,2
./audio_dataset_cortado/1_649741.wav,1
./audio_dataset_cortado/0_516791.wav,0
./audio_dataset_cortado/4_755378.wav,4
./audio_dataset_cortado/0_911681.wav,0
./audio_dataset_cortado/4_591975.wav,4
./audio_dataset_cortado/2_910574.wav,2
./audio_dataset_cortado/1_189312.wav,1
./audio_dataset_cortado/1_21333.wav,1
./audio_dataset_cortado/1_550748.wav,1
./audio_dataset_cortado/0_453989.wav,0
./audio_dataset_cortado/4_905310.wav,4
./audio_dataset_cortado/4_425205.wav,4
./audio_dataset_cortado/0_995000.wav,0
./audio_dataset_cortado/4_1010567.wav,4
./audio_dataset_cortado/1_10283.wav,1
./audio_dataset_cortado/4_916500.wav,4
./audio_dataset_cortado/4_964760.wav,4
./audio_dataset_cortado/4_683786.wav,4
./audio_dataset_cortado/1_61150.wav,1
./audio_dataset_cortado/4_26821.wav,4
./audio_dataset_cortado/4_776001.wav,4
./audio_dataset_cortado/1_1036787.wav,1
./audio_dataset_cortado/4_810363.wav,4
./audio_dataset_cortado/0_803146.wav,0
./audio_dataset_cortado/4_87612.wav,4
./audio_dataset_cortado/4_164990.wav,4
./audio_dataset_cortado/4_306944.wav,4
./audio_dataset_cortado/4_904831.wav,4
./audio_dataset_cortado/4_376614.wav,4
./audio_dataset_cortado/4_641845.wav,4
./audio_dataset_cortado/1_886504.wav,1
./audio_dataset_cortado/1_695817.wav,1
./audio_dataset_cortado/0_309778.wav,0
./audio_dataset_cortado/4_234934.wav,4
./audio_dataset_cortado/4_412859.wav,4
./audio_dataset_cortado/1_789819.wav,1
./audio_dataset_cortado/0_515235.wav,0
./audio_dataset_cortado/2_411788.wav,2
./audio_dataset_cortado/4_199538.wav,4
./audio_dataset_cortado/0_283386.wav,0
./audio_dataset_cortado/4_463121.wav,4
./audio_dataset_cortado/4_854386.wav,4
./audio_dataset_cortado/4_385781.wav,4
./audio_dataset_cortado/1_586805.wav,1
./audio_dataset_cortado/1_8640.wav,1
./audio_dataset_cortado/4_398020.wav,4
./audio_dataset_cortado/4_180020.wav,4
./audio_dataset_cortado/0_388428.wav,0
./audio_dataset_cortado/4_429941.wav,4
./audio_dataset_cortado/4_672617.wav,4
./audio_dataset_cortado/1_395707.wav,1
./audio_dataset_cortado/1_615021.wav,1
./audio_dataset_cortado/4_623572.wav,4
./audio_dataset_cortado/0_49197.wav,0
./audio_dataset_cortado/4_565036.wav,4
./audio_dataset_cortado/0_724221.wav,0
./audio_dataset_cortado/4_902160.wav,4
./audio_dataset_cortado/1_313409.wav,1
./audio_dataset_cortado/4_399370.wav,4
./audio_dataset_cortado/4_184291.wav,4
./audio_dataset_cortado/1_598957.wav,1
./audio_dataset_cortado/4_144364.wav,4
./audio_dataset_cortado/2_820714.wav,2
./audio_dataset_cortado/0_145158.wav,0
./audio_dataset_cortado/0_468965.wav,0
./audio_dataset_cortado/4_479149.wav,4
./audio_dataset_cortado/4_281621.wav,4
./audio_dataset_cortado/4_955548.wav,4
./audio_dataset_cortado/1_874277.wav,1
./audio_dataset_cortado/2_889805.wav,2
./audio_dataset_cortado/4_540638.wav,4
./5_101235.wav,5
